{"_timestamp":1.743192875132637e+09,"_runtime":108.02509546,"_step":57,"batch":57,"_wandb":{"runtime":110},"loss":16.713871002197266}