{"batch":0,"loss":17.00424575805664,"_timestamp":1.743170932214356e+09,"_wandb":{"runtime":6},"_runtime":5.114664734,"_step":0}