{"loss_reg":3.602600336074829,"_wandb":{"runtime":381},"_timestamp":1.7431752049750078e+09,"_runtime":379.565704366,"_step":63,"loss_easgd":17.239288330078125}