{"_step":44,"_wandb":{"runtime":107},"batch":44,"loss":9.621349334716797,"_timestamp":1.7431930125607696e+09,"_runtime":107.415629926}