{"loss":9.629592895507812,"_timestamp":1.7431714245651586e+09,"_runtime":107.26375417,"_step":44,"_wandb":{"runtime":107},"batch":44}