{"loss_easgd":17.00424575805664,"_wandb":{"runtime":15},"loss_reg":3.2080159187316895,"_timestamp":1.7431748033456378e+09,"_runtime":11.571944321,"_step":0}