{"_step":4,"batch":4,"_wandb":{"runtime":14},"loss":16.843788146972656,"_timestamp":1.7431710555529995e+09,"_runtime":11.854808947}