{"loss":17.00424575805664,"_timestamp":1.7431710778355458e+09,"_wandb":{"runtime":6},"_runtime":5.098435044,"_step":0,"batch":0}