{"loss":17.00424575805664,"_timestamp":1.7431711839817672e+09,"_runtime":5.060289713,"_wandb":{"runtime":6},"_step":0,"batch":0}