{"_step":0,"batch":0,"_wandb":{"runtime":6},"loss":17.00424575805664,"_timestamp":1.743170980679082e+09,"_runtime":5.074685187}