{"_step":0,"_wandb":{"runtime":15},"loss_easgd":17.00424575805664,"loss_reg":3.2080159187316895,"_timestamp":1.7431747104356012e+09,"_runtime":11.814424682}